author id,created_at,geo,id,lang,like_count,quote_count,reply_count,retweet_count,source,tweet,sentiment
616698673,2022-02-13 23:20:05+00:00, ,1493002063491436544,en,0,0,0,200,Twitter Web App,RT @ac_eco: This really is an insane chart comparing income to house price growth in the U.S vs Canada. https://t.co/Sf5uwEZLGg,negative
1481435266258591745,2022-02-13 20:13:54+00:00, ,1492955210964082689,en,0,0,0,0,Twitter for Android,@JezCorden In Canada the average price of a house is around 700k I believe üíÄ,negative
377686386,2022-02-13 18:18:20+00:00, ,1492926127320432642,en,0,0,0,1,Twitter for iPhone,RT @PaulKulig_TO: @mobilitytings @bambinoir These went up in a Toronto neighbourhood a few years ago. Starting price for a house is $1.2M.‚Ä¶,negative
1354444747,2022-02-13 17:00:17+00:00, ,1492906486200217605,en,0,0,0,15,Twitter for iPhone,"RT @BenRabidoux: Toronto housing now crazier than 2017 peak, but back then govt/regulators could take froth out of markets with targeted me‚Ä¶",negative
3300074168,2022-02-13 16:59:51+00:00, ,1492906375181074432,en,0,0,1,0,Twitter for iPhone,"@DrJesseMorse @NFLFIRE100 Come try to find a home in Vancouver, Canada. Average house price is 1.9 and in the burbs 1.7. Most expensive market in the world. Toronto Is just behind us as well.",negative
770381363732242433,2022-02-13 16:47:02+00:00, ,1492903150214426630,en,0,0,0,0,Back At You,"Take a look at Canadian real estate price trends over the last year. You can even compare city to city and province to province!

Oh, by the way... I am never too busy for any of your referrals! https://t.co/5gOEDE7LSC https://t.co/dY7pkkTc8f",positive
1183640100,2022-02-13 14:25:36+00:00, ,1492867559426859008,en,1,0,1,0,LaterMedia,"Price growth continues across Canada with GTA leading the way ‚Äì¬†according to the latest Royal LePage House Price Survey. ‚Å†Spoiler alert, the numbers are huge. 

https://t.co/rj7sXcYs8c
‚Å†
@Royal_LePage
‚Å†
#homeprices #homepricegrowth #canada #realestate #gta #ontario #toronto https://t.co/AyiPHDfAjQ",positive
620127343,2022-02-13 12:56:12+00:00, ,1492845057531072515,en,0,0,0,0,Twitter Web App,"@shlick @inklessPW Right, but it's not New York or London or Paris or Beijing. If it close to downtown in any of these cities it would be worth about half that selling price. It's vaguely near Toronto, Ontario. In Canada. 9 months of winter and a vaguely nice house. 3 million dollars. Incredible.",negative
771012719130673152,2022-02-13 06:31:36+00:00, ,1492748272108199936,en,3,0,1,0,Twitter Web App,@realjuliasong Pretty cheap vs Canada where the average price for a house is 700k,negative
1441501528477495304,2022-02-12 21:59:34+00:00, ,1492619412154683394,en,1,0,1,0,Twitter Web App,"@joepiarulli1 @JaimeDowd @StephHoover8 @ync1994 Yep!  ""you'll own nothing, and be happy"".  People wonder why a city like Vancouver where people are continually price out of the housing market?  Former mayor Gregor Robertson, a world economic forum stooge.  People were never meant to own homes in Vancouver",negative
1111986215484444672,2022-02-12 21:34:01+00:00, ,1492612984891396097,en,9,1,7,0,Twitter for iPhone,"@elie_mcn Elie, the Glebe is connected to downtown via the main artery of Bank street. It‚Äôs the most symbolic road to March up towards downtown against the unlawful occupation.  
Now comment on the average house price of Toronto, Mtl, Van, Calgary‚Ä¶",positive
14540500,2022-02-12 21:03:03+00:00, ,1492605189416706053,en,0,0,0,0,AdvisorStream v2,"For 12¬†consecutive years, Canada‚Äôs housing market has soared¬†to¬†record heights. Tight inventory, particularly in Toronto and Vancouver, has made property price appreciation and bidding wars among the most aggressive anywhere.¬†This h https://t.co/YZEYTtWsjW https://t.co/uyc2mhGULq",negative
74468981,2022-02-12 16:30:47+00:00, ,1492536672898093056,en,2,0,0,0,Twitter for iPad,"@rickinotricky House prices are crazy in Canada rn especially here in Calgary, one listing had one picture of the front of the house, first sentence was ‚Äúbring your hammer and dumpster‚Äù, price did not reflect this üòÇ.",negative
1183558861,2022-02-12 14:05:42+00:00, ,1492500159988707328,en,1,1,0,0,LaterMedia,"Price growth continues across Canada with GTA leading the way ‚Äì¬†according to the latest Royal LePage House Price Survey. ‚Å†Spoiler alert, the numbers are huge. 

https://t.co/tqgG1lg5hB
‚Å†
@Royal_LePage
‚Å†
#homeprices #homepricegrowth #canada #realestate #gta #ontario #toronto https://t.co/C2WjOabpRn",positive
1257860308091240448,2022-02-12 12:46:57+00:00, ,1492480341961019403,en,0,0,2,0,Twitter for iPhone,"@jongsmjo @marychaostyle To be honest, when I look at the home price in Rochester, it‚Äôs no where near what we see here in Canada. Even in towns 2-3 hours away from Toronto, you would pay average of $700K for a house less than 1000 SQFT. The downside is the huge property taxes Americans have to pay.",negative
1013808600,2022-02-12 11:23:08+00:00, ,1492459252321030144,en,0,0,0,15,Twitter Web App,"RT @BenRabidoux: Toronto housing now crazier than 2017 peak, but back then govt/regulators could take froth out of markets with targeted me‚Ä¶",negative
1321277311,2022-02-12 04:33:24+00:00, ,1492356137416638465,en,0,0,1,0,Twitter for Android,Canada Housing market so crazy that u can't get property if u offer highest price of the street inspire of small house!!! We have to be positive. We lost bid!!!!. I enjoy why and how I can explain who bought at what price will enjoy in future!!! https://t.co/nhq1PPSRgq,positive
473848719,2022-02-12 00:27:08+00:00, ,1492294161940234241,en,0,0,0,15,Twitter for iPhone,"RT @BenRabidoux: Toronto housing now crazier than 2017 peak, but back then govt/regulators could take froth out of markets with targeted me‚Ä¶",negative
2319423475,2022-02-12 00:07:48+00:00, ,1492289296790802432,en,0,0,0,3,Twitter Web App,"RT @jasonpereira: Okay Canadian fintwit. This house gets transported to Toronto, what's the selling price?
@StephenPunwasi @ScottTerrioHMA‚Ä¶",positive
1466205612266508295,2022-02-11 23:40:31+00:00, ,1492282431969574912,en,20,0,0,0,Twitter for Android,"@jordanbpeterson @JustinTrudeau ""Go home,"" he orders.
Ok, I go home. Wait a sec, I can't cuz no house; mortgages too expensive in Canada. Ok, let's just get groceries; what the price of milk went up, again? Ok, I will just relax and breathe; what I can't do that without a mask? Mr Trudeau, plz üòÆ‚Äçüí®",negative
1108862810094632960,2022-02-11 23:32:12+00:00, ,1492280339284201472,en,1,0,1,0,Twitter for iPhone,@ShicaraWeibelVO I‚Äôve been researching some other parts of Canada that aren‚Äôt too bad price wise for a house that are somewhat close to Vancouver like 45 min away but idk what the job market and pay is like there üò≠,negative
962255435766968322,2022-02-11 21:31:32+00:00, ,1492249972565323777,en,0,0,0,0,Twitter for Android,@JustinTrudeau how much longer are you and your government going to screw the people of Canada on the price of energy to pay for your pipeline this carbon tax has to go as it is f****** everybody that has to heat their house or drive https://t.co/hMmYNsVe9a,negative
897769794,2022-02-11 21:25:52+00:00, ,1492248546577457155,en,0,0,0,15,Twitter for iPhone,"RT @BenRabidoux: Toronto housing now crazier than 2017 peak, but back then govt/regulators could take froth out of markets with targeted me‚Ä¶",negative
236616110,2022-02-11 20:57:23+00:00, ,1492241378440626176,en,1,0,0,0,Twitter Web App,"Toronto housing market officially more ""pricier"" than Vancouver...

RBC data show the composite MLS Home Price Index (HPI) benchmark for Greater Toronto hit $1.260 million last month compared with Metro Vancouver‚Äôs benchmark of $1.255 million, still a record high for that region.",positive
866858112535244801,2022-02-11 20:19:05+00:00, ,1492231740399759361,en,0,0,0,0,CoSchedule,"Canadian Housing Market Highlights.
With a lack of supply, Canada's housing markets saw record-breaking home sales and price growth in 2021. Take a closer look at the key highlights from last year with CREA's 2021 Year in Review housing market snapshot. #CREAStats https://t.co/uRfq3UgPbP",positive
902341069068578816,2022-02-11 20:17:47+00:00, ,1492231412744798208,en,1,0,1,0,Twitter for iPhone,@CFOXvan @mkbowyer Yup - I just bought a house in Alberta for under 500k ! adi√≥s BC ‚úã not getting in real estate debt for the convince factor of living in the best province in Canada ü§£ I‚Äôd rather own a home at an affordable and reasonable price,positive
199777413,2022-02-11 20:15:31+00:00, ,1492230841287811074,en,0,0,0,0,Twitter Web App,"Well well well!
A speculative mindset that has accelerated with price growth is the primary driver. Canadian Housing Grew Faster Than Population, Speculative Mindset Building: BMO - Better Dwelling https://t.co/ymk8UADYZZ",positive
1044778781230039042,2022-02-11 19:32:30+00:00, ,1492220016850132994,en,0,0,0,15,Twitter for Android,"RT @BenRabidoux: Toronto housing now crazier than 2017 peak, but back then govt/regulators could take froth out of markets with targeted me‚Ä¶",negative
3130288726,2022-02-11 18:30:09+00:00, ,1492204322729467915,en,0,0,0,15,Twitter for iPad,"RT @BenRabidoux: Toronto housing now crazier than 2017 peak, but back then govt/regulators could take froth out of markets with targeted me‚Ä¶",negative
1262874391534329856,2022-02-11 18:20:57+00:00, ,1492202009415622659,en,0,0,0,15,Twitter for iPhone,"RT @BenRabidoux: Toronto housing now crazier than 2017 peak, but back then govt/regulators could take froth out of markets with targeted me‚Ä¶",negative
1006135342355959808,2022-02-11 17:25:47+00:00, ,1492188127267631112,en,0,0,0,15,Twitter Web App,"RT @BenRabidoux: Toronto housing now crazier than 2017 peak, but back then govt/regulators could take froth out of markets with targeted me‚Ä¶",negative
276479018,2022-02-11 17:23:39+00:00, ,1492187591147503623,en,0,0,0,15,Twitter Web App,"RT @BenRabidoux: Toronto housing now crazier than 2017 peak, but back then govt/regulators could take froth out of markets with targeted me‚Ä¶",negative
843167442,2022-02-11 17:23:31+00:00, ,1492187557488115714,en,0,0,0,15,Twitter Web App,"RT @BenRabidoux: Toronto housing now crazier than 2017 peak, but back then govt/regulators could take froth out of markets with targeted me‚Ä¶",negative
26523456,2022-02-11 17:14:04+00:00, ,1492185176444657667,en,0,0,0,15,TweetDeck,"RT @BenRabidoux: Toronto housing now crazier than 2017 peak, but back then govt/regulators could take froth out of markets with targeted me‚Ä¶",negative
3185936427,2022-02-11 17:13:47+00:00, ,1492185105485516801,en,0,0,0,15,Twitter for iPhone,"RT @BenRabidoux: Toronto housing now crazier than 2017 peak, but back then govt/regulators could take froth out of markets with targeted me‚Ä¶",negative
1656273758,2022-02-11 17:13:39+00:00, ,1492185071264186369,en,0,0,0,15,Twitter for iPhone,"RT @BenRabidoux: Toronto housing now crazier than 2017 peak, but back then govt/regulators could take froth out of markets with targeted me‚Ä¶",negative
210081276,2022-02-11 17:12:43+00:00, ,1492184838778114053,en,69,3,15,15,Twitter Web App,"Toronto housing now crazier than 2017 peak, but back then govt/regulators could take froth out of markets with targeted measures. Now almost every region in the province is seeing price gains of 25-50% y/y. No easy policy solutions this time. #raiserates https://t.co/4FoSmFkoxu",negative
1288041842,2022-02-11 16:32:58+00:00, ,1492174836268867588,en,0,0,0,0,Twitter for iPhone,@jjhorgan @cbc @CityNewsVAN  And did you take the lowest salary and benefit in contrast? Did you reduce the expenses of your ineffective group? Did you reduce the overdose death at the east side of Vancouver? Did you reduce the house price? Did you support vaccine mandates? Tell the facts.,negative
854730047030124544,2022-02-11 15:04:01+00:00, ,1492152447548096524,en,2,0,0,0,Twitter Web App,"@MarkGerretsen ""The average price of a single detached house now stands at $780,000.""
Expensive place to live Mark, how do the middle class in Kingston afford it?

https://t.co/qT7kbQDVLh",negative
820559417984909314,2022-02-11 12:48:40+00:00, ,1492118387916525571,en,0,0,0,0,Twitter Web App,"@Rob_GenX66 @EvanLSolomon @erinotoole @lraitt @jfdinning @davidakin I guess people like Evan that are part of the elite group do not care what the average Canadian is facing in terms of the cost of living!
https://t.co/odK20zyN0g",negative
403751813,2022-02-11 10:28:13+00:00,5b06146cf809733c,1492083044190232590,en,0,0,0,0,Twitter for Android,"As #Canada‚Äôs #Housing market continues to be whipped to new price heights, a survey of new immigrant home buyers in the country‚Äôs biggest #RealEstate market suggests some may be willing to pay more than non-immigrants to land that first home? @globeandmail https://t.co/QUnwFJ7Yw4",positive
1308899953138434050,2022-02-11 07:20:46+00:00, ,1492035869045407746,en,0,0,0,3,Twitter for iPhone,"RT @jasonpereira: Okay Canadian fintwit. This house gets transported to Toronto, what's the selling price?
@StephenPunwasi @ScottTerrioHMA‚Ä¶",positive
755277241479602176,2022-02-11 07:12:05+00:00, ,1492033681694674946,en,0,0,0,3,Twitter for iPhone,"RT @jasonpereira: Okay Canadian fintwit. This house gets transported to Toronto, what's the selling price?
@StephenPunwasi @ScottTerrioHMA‚Ä¶",positive
14378671,2022-02-11 04:02:02+00:00, ,1491985856961392659,en,83,2,55,3,Twitter for iPhone,"Okay Canadian fintwit. This house gets transported to Toronto, what's the selling price?
@StephenPunwasi @ScottTerrioHMA @ronmortgageguy @JohnPasalis @daniel_foch https://t.co/3vxCPHDST7",positive
29639873,2022-02-11 03:29:54+00:00, ,1491977769944633344,en,0,0,0,6,Twitter for iPhone,RT @ethelstan: Borrowing money has never been easier for both mortgage and non-mortgage as evidenced in Canadian senior officers loan surve‚Ä¶,positive
325823240,2022-02-11 01:28:00+00:00, ,1491947091827957763,en,0,0,0,6,Twitter for iPhone,RT @ethelstan: Borrowing money has never been easier for both mortgage and non-mortgage as evidenced in Canadian senior officers loan surve‚Ä¶,positive
41174009,2022-02-11 00:50:45+00:00, ,1491937716816076815,en,1,0,0,0,Twitter for Android,"@mortimer_1 $200k income without debt and good credit will get you about $1 million borrowing power. Average house price in Vancouver $1.3 mil, average household income $96k.",positive
1371383501518372867,2022-02-11 00:34:57+00:00, ,1491933740758712327,en,0,0,0,6,Twitter Web App,RT @ethelstan: Borrowing money has never been easier for both mortgage and non-mortgage as evidenced in Canadian senior officers loan surve‚Ä¶,positive
261758675,2022-02-11 00:12:38+00:00, ,1491928127202902022,en,0,0,0,6,Twitter for iPhone,RT @ethelstan: Borrowing money has never been easier for both mortgage and non-mortgage as evidenced in Canadian senior officers loan surve‚Ä¶,positive
1006135342355959808,2022-02-10 23:58:09+00:00, ,1491924480209395714,en,0,0,0,6,Twitter Web App,RT @ethelstan: Borrowing money has never been easier for both mortgage and non-mortgage as evidenced in Canadian senior officers loan surve‚Ä¶,positive
276479018,2022-02-10 23:44:51+00:00, ,1491921132085301248,en,0,0,0,6,Twitter Web App,RT @ethelstan: Borrowing money has never been easier for both mortgage and non-mortgage as evidenced in Canadian senior officers loan surve‚Ä¶,positive
33416464,2022-02-10 23:44:20+00:00, ,1491921002913316870,en,14,0,2,6,Twitter for iPad,"Borrowing money has never been easier for both mortgage and non-mortgage as evidenced in Canadian senior officers loan survey.  This debt binge is the main feeder for üöÄ housing price.  

Cc: @CrusoeEconomics @dima_nomad @daniel_foch 

Source: @bankofcanada https://t.co/nNYmkzbgPo",positive
1196617851400003585,2022-02-10 22:13:32+00:00, ,1491898154534727680,en,0,0,0,0,Twitter Web App,"TORONTO, ONTARIO, February 3, 2022 ‚Äì Demand for ownership housing remained very strong from a historic perspective in January 2022. At the same time, listings remained in short supply, resulting in tight market conditions and very strong year-over-year price growth. https://t.co/QrGmv4bOZE",positive
2213495198,2022-02-10 22:01:27+00:00, ,1491895113349480454,en,0,0,0,0,Hootsuite Inc.,"The housing market in Toronto was a whirlwind, marked by rapid price growth and acceleration.

Click here for a summary of the GTA housing market in 2021 or contact us directly at info@clovermortgage.ca to speak with a knowledgeable mortgage broker today!

https://t.co/QrCdCZrfb0 https://t.co/zk9EglYkPP",positive
1465188516,2022-02-10 21:11:51+00:00, ,1491882628580057095,en,0,0,0,0,Back At You,"Take a look at Canadian real estate price trends over the last year. You can even compare city to city and province to province!

Tara Pedraz
tarapedraz@remax.net 
604-7254366
2806 Kingsway Vancouver BC 
RE/MAX CITY REALTY https://t.co/YkhhP2dnFx https://t.co/TbdmFavkLh",positive
3807028455,2022-02-10 20:09:40+00:00, ,1491866979682107398,en,0,0,0,0,roomvu,"Toronto's scorching housing market just broke an all-time high price record
https://t.co/2LVFx7NKxE
#realestateToronto #gta #realestategta #torontohomestaging #torontorealtor #torontorealtors #mississauga #torontostagers",positive
1391776783834431499,2022-02-10 20:04:07+00:00, ,1491865582723117057,en,0,0,0,0,roomvu,"Toronto's scorching housing market just broke an all-time high price record
https://t.co/NzEBTkwn5k
#realestateToronto #gta #realestategta #torontohomestaging #torontorealtor #torontorealtors #mississauga #torontostagers",positive
743108356357885955,2022-02-10 19:56:37+00:00, ,1491863695537885185,en,0,0,0,0,Twitter for iPad,@CortesSteve I own FL rental house-Home insurance went up $500month-Cost to fix/replace is wayüîºI also have to charge more now for normal up keep bcuz of Dems-so $700month rent hike w/out me making 1 penny more. Ppl don‚Äôt know Biden didn‚Äôt stop Canada from huge lumber price hike w/Trump out,negative
1672021944,2022-02-10 19:41:39+00:00, ,1491859931741532176,en,0,0,0,1,Twitter Web App,RT @ctic_ca: #Residential #building construction costs grew by 21.7% annually and are expected to continue driving #home price growth acros‚Ä¶,positive
1123483742,2022-02-10 19:01:11+00:00, ,1491849745274327046,en,0,0,0,2,Twitter Web App,"RT @JenStDen: Some councillors were shocked at the $1.5 million price tag for just 10 units of housing without their own bathrooms.

But ot‚Ä¶",negative
261989103,2022-02-10 18:24:20+00:00,3797791ff9c0e4c6,1491840471450140679,en,0,0,0,0,Twitter for iPhone,"Demand for #Toronto housing remained strong in January 2022. Listings remained in short supply, resulting in tight market conditions and very strong year-over-year price growth.

Check out the stats on #RealEstate this month.

#TorontoRealEstate https://t.co/KlukYILfvq",positive
817191720798408705,2022-02-10 17:45:41+00:00, ,1491830745551228930,en,0,0,0,1,West Van Retweeter,"RT @vanajkay: Pretty paltry some for a city, when that is the price of a house in West Vancouver or Pt. Grey.
#bcpoli https://t.co/k430QhU1‚Ä¶",negative
23381262,2022-02-10 17:45:00+00:00, ,1491830573026856961,en,0,0,0,2,Twitter Web App,"RT @JenStDen: Some councillors were shocked at the $1.5 million price tag for just 10 units of housing without their own bathrooms.

But ot‚Ä¶",negative
2310571382,2022-02-10 17:44:49+00:00, ,1491830528466513921,en,0,0,0,1,Twitter for Android,"Pretty paltry some for a city, when that is the price of a house in West Vancouver or Pt. Grey.
#bcpoli https://t.co/k430QhU1y5",negative
1112850918360444928,2022-02-10 17:00:47+00:00, ,1491819445370691594,en,0,0,0,0,Hootsuite Inc.,"The housing market in Toronto was a whirlwind, marked by rapid price growth and acceleration.

Click here for a summary of the GTA housing market in 2021 or contact us directly at info@clovermortgage.ca to speak with a knowledgeable mortgage broker today!

https://t.co/uOqSFAdvxH https://t.co/93QpnYGP1q",positive
2494246771,2022-02-10 17:00:28+00:00, ,1491819365456568325,en,0,0,0,1,Hootsuite Inc.,"#Residential #building construction costs grew by 21.7% annually and are expected to continue driving #home price growth across #Canada. The fourth quarter had the most significant increases posted by #Calgary, #Toronto, #Edmonton, and #Ottawa. https://t.co/vhTus5hGuE",positive
369901017,2022-02-10 16:29:36+00:00, ,1491811600872792064,en,6,0,4,2,Twitter Web App,"Some councillors were shocked at the $1.5 million price tag for just 10 units of housing without their own bathrooms.

But others said the tiny structures would provide a safer, warmer alternative to tents, and more privacy than shelter spots. https://t.co/f5yj0qyv1X",negative
2950461218,2022-02-10 15:01:43+00:00, ,1491789483905150978,en,0,0,0,3,Twitter for Android,RT @VIAwesome: Seven houses on 50 acres... for the price of one house in Vancouver. https://t.co/e5Sb4QDejE,positive
17750005,2022-02-10 13:53:01+00:00, ,1491772193751109633,en,3,0,0,0,Twitter Web App,"@kcaldwell @Get_Vaccin8ed @ronmortgageguy Very interesting. I pay less than that all-in for a 3bdrm house &amp; yard in High Park (Toronto) 300metres from the subway. I admit it‚Äôs a good deal (for a $1.8m house) but found it in July.

If renting in Guelph is same price, I wonder what that means for both cities, long term?",positive
142071919,2022-02-10 13:03:18+00:00, ,1491759682377162758,en,1,0,0,0,Twitter Web App,"Banker says supply of homes can't ""magically"" solve the price of homes. Who said it was magic? 

Says we need to address demand side. By what, making ppl not want to live in Toronto? 

Household sizes have shrunk, so we need more homes. It's not magic.
https://t.co/f7G4irE3kU",negative
73090164,2022-02-10 10:14:14+00:00, ,1491717134405144576,en,0,0,0,3,Twitter for Android,RT @VIAwesome: Seven houses on 50 acres... for the price of one house in Vancouver. https://t.co/e5Sb4QDejE,negative
31484421,2022-02-10 07:10:23+00:00, ,1491670866480013313,en,0,0,0,0,Twitter Web App,"Canada trucker blockade poses risk to supply chain, auto industry -White House https://t.co/JSK7oOLONw 
Ottawa didn't work - now borders blocked to WORKING truckers. Causing layoffs, price for cars, food, to rise further- and you're fighting for OUR freedom??? Give me a break!!",negative
860675555955539972,2022-02-10 06:21:18+00:00, ,1491658515076763650,en,0,0,0,1,Twitter for iPhone,RT @PHfloor: @daniel_foch Dan's right. This is the house price index for Canada and the percentage drops during rough periods. https://t.co‚Ä¶,negative
300388340,2022-02-10 06:06:08+00:00, ,1491654699631583236,en,0,0,0,3,Twitter Web App,RT @VIAwesome: Seven houses on 50 acres... for the price of one house in Vancouver. https://t.co/e5Sb4QDejE,negative
35989673,2022-02-10 05:52:00+00:00, ,1491651141083582469,en,13,0,0,3,Twitter Web App,Seven houses on 50 acres... for the price of one house in Vancouver. https://t.co/e5Sb4QDejE,negative
536796219,2022-02-10 05:42:50+00:00, ,1491648835889688579,en,1,0,0,0,Twitter for iPhone,"@Nevin_Thompson @jagbsn @funnierhandle When we moved from Vancouver we wanted to move to Victoria proper, or at least Saanich close to downtown. But the cost of daycare was way higher, and we could rent a whole house in Colwood for the price of a 2Br in town. The proximity to nature was a bonus that has paid dividends",positive
1428819125288251392,2022-02-10 04:02:31+00:00, ,1491623588763475968,en,0,0,0,0,Twitter Web App,"@debfynn @jkenney Hahah it's way worse anywhere else, that's why. In Toronto average house price is 1.3 million (and you get a tear down postage stamp for that!). We have carbon tax, higher utility bills, and worse healthcare.",negative
3760987517,2022-02-10 01:12:09+00:00, ,1491580713992400899,en,0,0,0,0,ContentStudio.io,What is the Average Price of a House in Toronto? - https://t.co/bVVtnjCNfz,positive
444253879,2022-02-10 00:11:37+00:00, ,1491565480154320897,en,1,0,0,0,Twitter for Android,"Over the course of the pandemic, house prices in the Vancouver suburbs have increased by almost the same amount as Calgary's benchmark price.

Let that sink in. https://t.co/KkGE3srra5",positive
1271199820552769538,2022-02-09 23:55:14+00:00, ,1491561357682036736,en,4,0,3,1,Twitter Web App,@daniel_foch Dan's right. This is the house price index for Canada and the percentage drops during rough periods. https://t.co/OvGJgwPfaQ,negative
2477123256,2022-02-09 23:38:45+00:00, ,1491557210605903877,en,0,0,0,14,Twitterrific for iOS,RT @jm_mcgrath: I am skeptical that addressing housing finance matters instead of housing supply will do much to address the actual price l‚Ä¶,negative
107354875,2022-02-09 22:54:57+00:00, ,1491546189728264193,en,1,0,0,0,Twitter for Android,@Michael_O_Regan Where can they go that's any better house-price wise than here? NZ and Oz and Canada all the same.,positive
277107564,2022-02-09 22:18:56+00:00, ,1491537123538882560,en,0,0,0,0,Twitter Web App,"‚ùóHere is the January 2022 Market Report, a quick resale housing analysis with key stats for Toronto &amp; GTA.

Sales were up on a year-over-year basis for all major home types, both in the City of Toronto &amp; GTA regions. Overall average selling price was up by 28.6% to $1,242,793. https://t.co/ix5rwcbdov",positive
2179048830,2022-02-09 21:54:21+00:00, ,1491530936109854721,en,0,0,0,7,Twitter Web App,"RT @BobKronbauer: Entire Swiss-themed village with seven houses for sale in B.C., for the price of one house in Vancouver
 https://t.co/8KC‚Ä¶",negative
17824049,2022-02-09 21:12:13+00:00, ,1491520334788542466,en,0,0,0,14,Twitter for iPhone,RT @jm_mcgrath: I am skeptical that addressing housing finance matters instead of housing supply will do much to address the actual price l‚Ä¶,negative
56443648,2022-02-09 21:04:28+00:00, ,1491518384265207808,en,0,0,0,14,Twitter Web App,RT @jm_mcgrath: I am skeptical that addressing housing finance matters instead of housing supply will do much to address the actual price l‚Ä¶,negative
1479011339574120448,2022-02-09 21:04:01+00:00, ,1491518272868700169,en,4,0,4,0,Twitter for iPhone,"@LukeD81840337 @Michael_O_Regan Where are these locations with great public transport? Any of these city‚Äôs with good transport have very high prices, take Vancouver where a lot of Irish are going the average house price is 1.7m very affordable, not!",negative
31520644,2022-02-09 21:02:07+00:00, ,1491517794260713475,en,0,0,0,0,Twitter for Android,"@liberal_party Average house price in Ontario is $922,735.
Average house price in Canada is $720,850.

You've built a future of massive debt. The wealth of younger generations is being siphoned into an unproductive asset. You've destroyed the economy.",negative
14638577,2022-02-09 21:00:17+00:00, ,1491517331876597768,en,0,0,0,0,Twitter for iPhone,"As Canada‚Äôs housing market continues to be whipped to new price heights, a survey of new immigrant home buyers in the country‚Äôs biggest real estate market suggests some may be willing to pay more than non-immigrants to land that first home. https://t.co/1Uy2YiDfMz https://t.co/PCHQaOfHzH",positive
878259321267605504,2022-02-09 20:53:52+00:00, ,1491515715970469889,en,0,0,0,0,Twitter for iPhone,"@newbieSK @mortimer_1 I lived in Saskatchewan Regina for 9 years, I am now in Surrey since 2018. I believe some people make money in other countries or areas but live in Vancouver, high demanding for house property drives the house price goes crazy.",negative
63777242,2022-02-09 20:43:23+00:00, ,1491513078667644929,en,5,0,0,0,Twitter for iPhone,@BalurCDN @CindyBailey3 Yeah. We sold a studio loft in Vancouver for the same price we are hoping for our 3000 sq. ft house in YEG. Kelowna. A knock on the front door of brother. Offered over 700k. South of Hwy 97. Rest of block listed at 1 million now. Tear downs. BC=Bring Cash.,negative
441560603,2022-02-09 19:50:57+00:00, ,1491499884335484928,en,0,0,0,7,Twitter Web App,"RT @BobKronbauer: Entire Swiss-themed village with seven houses for sale in B.C., for the price of one house in Vancouver
 https://t.co/8KC‚Ä¶",negative
3853856417,2022-02-09 19:47:32+00:00, ,1491499023856910337,en,0,0,0,7,Twitter Web App,"RT @BobKronbauer: Entire Swiss-themed village with seven houses for sale in B.C., for the price of one house in Vancouver
 https://t.co/8KC‚Ä¶",negative
1191346470,2022-02-09 19:36:58+00:00, ,1491496365087592448,en,0,0,0,0,Twitter Web App,"Based on a report by the Toronto Regional Real Estate Board, the exact figure for the composite benchmark price in January 2022 was $1,259,900.

https://t.co/OIwyyDooaD",positive
1248622516819517442,2022-02-09 19:09:32+00:00, ,1491489461699428356,en,0,0,0,7,Twitter Web App,"RT @BobKronbauer: Entire Swiss-themed village with seven houses for sale in B.C., for the price of one house in Vancouver
 https://t.co/8KC‚Ä¶",negative
227890336,2022-02-09 19:03:08+00:00, ,1491487850151432194,en,0,0,0,14,Twitter for iPhone,RT @jm_mcgrath: I am skeptical that addressing housing finance matters instead of housing supply will do much to address the actual price l‚Ä¶,negative
111428078,2022-02-09 18:32:34+00:00, ,1491480156157870080,en,0,0,0,0,Twitter Web App,‚Äú'..the bank of mom &amp; dad is definitely amplifying things..rapid price appreciation is scaring a lot of parents. They‚Äôre afraid that their children are not going to be able to afford anything.'‚Äù Unintended consequences of municpalities choking supply  https://t.co/tjP9bY0EKm #yyj,negative
132279870,2022-02-09 18:22:59+00:00, ,1491477743929905158,en,0,0,0,14,Twitter Web App,RT @jm_mcgrath: I am skeptical that addressing housing finance matters instead of housing supply will do much to address the actual price l‚Ä¶,negative
1604222401,2022-02-09 18:21:57+00:00, ,1491477484717568000,en,0,0,0,7,Twitter Web App,"RT @BobKronbauer: Entire Swiss-themed village with seven houses for sale in B.C., for the price of one house in Vancouver
 https://t.co/8KC‚Ä¶",negative
176167209,2022-02-09 18:21:47+00:00, ,1491477442518736897,en,0,0,0,14,Twitter for iPhone,RT @jm_mcgrath: I am skeptical that addressing housing finance matters instead of housing supply will do much to address the actual price l‚Ä¶,negative
865640370,2022-02-09 18:17:58+00:00,61ecf520fef6ce72,1491476483017220103,en,0,0,0,0,Twitter for Android,"#Canadian Housing Market Highlights ‚ú®‚ú®

With a lack of supply, Canada‚Äôs housing markets saw record-breaking home sales and price growth in 2021.

Take a closer look at the key highlights from last year with CREA‚Äôs 2021 Year in Review housing market snapshot. https://t.co/AnSly8EJlQ",positive
300388340,2022-02-09 18:10:08+00:00, ,1491474510658170880,en,0,0,0,7,Twitter Web App,"RT @BobKronbauer: Entire Swiss-themed village with seven houses for sale in B.C., for the price of one house in Vancouver
 https://t.co/8KC‚Ä¶",negative
308682347,2022-02-09 18:08:07+00:00, ,1491474006121361415,en,0,0,0,14,Twitter for iPhone,RT @jm_mcgrath: I am skeptical that addressing housing finance matters instead of housing supply will do much to address the actual price l‚Ä¶,negative
967171996667834370,2022-02-09 18:06:08+00:00, ,1491473506994769921,en,0,0,0,1,Twitter Web App,RT @Jay60640183: @KamalKheraLib @JustinTrudeau Your benefits wore shit anyway's what's the average price of  renting in Toronto and Vancouv‚Ä¶,negative
35989673,2022-02-09 17:57:42+00:00, ,1491471383674568705,en,0,0,0,7,Twitter Web App,"RT @BobKronbauer: Entire Swiss-themed village with seven houses for sale in B.C., for the price of one house in Vancouver
 https://t.co/8KC‚Ä¶",negative
240107216,2022-02-09 17:57:26+00:00, ,1491471315508731905,en,20,0,2,7,Twitter Web App,"Entire Swiss-themed village with seven houses for sale in B.C., for the price of one house in Vancouver
 https://t.co/8KCJguzj1i https://t.co/792tUtbbXm",negative
1415729358761775105,2022-02-09 17:55:13+00:00, ,1491470756781432838,en,0,0,0,14,Twitter Web App,RT @jm_mcgrath: I am skeptical that addressing housing finance matters instead of housing supply will do much to address the actual price l‚Ä¶,negative
66392766,2022-02-09 17:31:46+00:00, ,1491464854611365890,en,0,0,0,14,Twitter for iPad,RT @jm_mcgrath: I am skeptical that addressing housing finance matters instead of housing supply will do much to address the actual price l‚Ä¶,negative
47425783,2022-02-09 17:30:18+00:00, ,1491464485508304900,en,0,0,0,14,Twitter for iPhone,RT @jm_mcgrath: I am skeptical that addressing housing finance matters instead of housing supply will do much to address the actual price l‚Ä¶,negative
271989352,2022-02-09 17:25:22+00:00, ,1491463244791402498,en,0,0,0,14,Twitter for iPhone,RT @jm_mcgrath: I am skeptical that addressing housing finance matters instead of housing supply will do much to address the actual price l‚Ä¶,negative
1446530644545257473,2022-02-09 17:11:31+00:00, ,1491459761040400387,en,0,0,0,14,Twitter Web App,RT @jm_mcgrath: I am skeptical that addressing housing finance matters instead of housing supply will do much to address the actual price l‚Ä¶,negative
875310073182072832,2022-02-09 17:09:16+00:00, ,1491459192925814784,en,0,0,0,14,Twitter Web App,RT @jm_mcgrath: I am skeptical that addressing housing finance matters instead of housing supply will do much to address the actual price l‚Ä¶,negative
22283767,2022-02-09 17:06:48+00:00, ,1491458574400495617,en,48,1,3,14,Twitter Web App,I am skeptical that addressing housing finance matters instead of housing supply will do much to address the actual price level in Toronto since we've had 3 global financial crises in the timeframe of this data and you can barely see them in the signal. https://t.co/RPWp2RreDX,negative
770232492901138432,2022-02-09 14:33:37+00:00, ,1491420023252004868,en,2,0,0,0,Twitter for iPhone,@qcapital2020 That Canadian house looks ugly at any price.  üò¨,negative
1199071761041510400,2022-02-09 14:08:42+00:00, ,1491413751597256710,en,3,0,2,0,Twitter for iPhone,"@nasmadotali Toronto proper did not go crazy. Honestly my house by the Lake Ontario wouldn‚Äôt fetch above average price for Toronto(1.1 M). But suburbs, OMG. Crazy. I think some realtors are directing their clients to suburb and further.",positive
1185004687193509888,2022-02-09 12:26:53+00:00, ,1491388131832365056,en,0,0,0,1,Twitter for iPhone,"RT @LeviCurrie: It's not just the US either. In canada the average price of a house was ~164,000 dollars. Today in 2022 its roughly 800,000‚Ä¶",negative
1467539372803346432,2022-02-09 10:09:02+00:00, ,1491353439510867968,en,1,0,1,0,Twitter for iPhone,"@CBlaine72 @SeanMcCoyPhotog Bought a house for $125,000?  How the hell did you do that? Avg price for a house here in south-east-Canada 5 years ago was approaching $1million.",negative
332132124,2022-02-09 08:36:30+00:00, ,1491330154135953408,en,3,0,0,0,Twitter for iPhone,@TitanXBT Here in Toronto and all it‚Äôs surrounding cities you can‚Äôt get a detached house for under 1mil.. and most town houses are in that price range as well . It‚Äôs absurd how different money is based on location x.x,negative
2609614046,2022-02-09 07:27:56+00:00, ,1491312897011580928,en,1,0,0,1,Twitter for Android,"It's not just the US either. In canada the average price of a house was ~164,000 dollars. Today in 2022 its roughly 800,000 dollars. That's nearly a 500% increase in just over 20 years. Meanwhile wages jave seen very modest gains that have never outpaced inflation https://t.co/pvkPaoezaN",negative
988277286204932096,2022-02-09 06:09:11+00:00, ,1491293077834977281,en,0,0,0,1,Twitter for Android,"RT @StephenPunwasi: @ScottTerrioHMA @BisonTrample ^ Scott gets it. At that price point your shelter costs are ~$72,000/year . 

housing cos‚Ä¶",negative
1278542140700864512,2022-02-09 04:40:59+00:00, ,1491270883310444545,en,0,0,0,0,Twitter for iPhone,"Wow Toronto house price has finally beaten Vancouver ü•≤
An analyst‚Äôs starting salary is still 60K tho ü•≤",negative
1370190985314009090,2022-02-09 04:04:36+00:00, ,1491261726980902912,en,3,0,0,1,Twitter for Android,@KamalKheraLib @JustinTrudeau Your benefits wore shit anyway's what's the average price of  renting in Toronto and Vancouver and what did you guy's offer. Shits a joke no wonder 50% of Canadian families are struggling no wonder homelessness is constantly growing. Unaffordable wages food and housing,negative
1401693436823191553,2022-02-09 03:21:56+00:00, ,1491250987960795137,en,0,0,0,0,Twitter Web App,@MPelletierCIO Ohh trust me some of us might hop on one of those trucks and make it to Alberta üòä in Toronto  average price for a house is 1 mil so basically you have to be a millionaire to own a house üòä,negative
166364712,2022-02-09 02:13:03+00:00, ,1491233653053345793,en,20,1,1,1,Twitter for iPhone,"@ScottTerrioHMA @BisonTrample ^ Scott gets it. At that price point your shelter costs are ~$72,000/year . 

housing costs @ 39% = $180k/year household income. 

CMHC already pushed the household cap to $150k for Toronto/Vancouver/Victoria for downpayment assistance. 25% would get around that level too.",negative
39132858,2022-02-09 01:00:00+00:00, ,1491215271322812416,en,0,0,0,0,Twitter Web App,"Good ideas

but 

""The report is silent
on demand-side issues
that could be driving up
the price of housing
in hot markets...

The report also fails
to recommend
any changes to
real estate
sales and marketing practices,
such as #BlindBidding""

#ONpoli 

https://t.co/eLXlS6h6vq",negative
66724335,2022-02-09 00:24:10+00:00, ,1491206252747235338,en,2,2,1,0,SocialFlow,"Local real estate agents say the average price of a house has increased more than 40 per cent over the last year alone. #ygk

 https://t.co/zNhZ92PyJO",negative
